               epoch,      train/box_loss,      train/obj_loss,      train/cls_loss,   metrics/precision,      metrics/recall,     metrics/mAP_0.5,metrics/mAP_0.5:0.95,        val/box_loss,        val/obj_loss,        val/cls_loss,               x/lr0,               x/lr1,               x/lr2
                   0,             0.12706,            0.094823,             0.04224,           0.0048582,             0.10384,           0.0032835,          0.00073511,             0.11754,            0.090689,            0.039872,              0.0856,              0.0016,              0.0016
                   1,             0.11536,             0.10559,            0.039016,            0.070634,              0.2164,            0.051179,            0.012607,            0.099384,            0.089627,            0.037528,            0.070293,           0.0032935,           0.0032935
                   2,             0.10557,             0.09326,            0.036344,            0.054566,             0.15905,            0.052867,            0.011336,              0.1085,             0.13333,            0.036714,             0.05498,           0.0049802,           0.0049802
                   3,              0.1019,            0.082254,            0.034181,             0.43421,             0.20735,            0.090192,            0.021358,            0.095376,             0.11666,            0.035065,             0.03966,           0.0066602,           0.0066602
                   4,             0.09578,            0.081297,            0.033595,             0.54854,             0.20673,             0.17673,            0.046364,            0.099499,            0.089734,            0.034649,            0.024333,           0.0083335,           0.0083335
                   5,             0.09304,            0.079612,            0.033443,             0.14576,             0.26883,            0.082938,            0.019862,             0.10006,            0.080717,             0.03421,            0.009901,            0.009901,            0.009901
                   6,            0.096022,            0.074452,             0.03296,             0.28958,             0.47303,             0.30622,            0.093732,            0.083378,            0.079034,            0.032685,            0.009901,            0.009901,            0.009901
                   7,            0.081356,             0.08996,            0.032649,             0.24431,             0.37784,              0.2601,            0.084227,            0.075099,            0.076589,            0.031564,           0.0098812,           0.0098812,           0.0098812
                   8,            0.076445,            0.086076,            0.031919,             0.63893,             0.35169,             0.42308,             0.15747,            0.069376,            0.077979,            0.030605,           0.0098614,           0.0098614,           0.0098614
                   9,            0.076226,            0.083155,            0.031338,             0.32075,             0.39348,              0.2871,            0.090668,            0.072454,            0.081963,             0.03005,           0.0098416,           0.0098416,           0.0098416
                  10,            0.070568,            0.085041,             0.03089,             0.44558,             0.53974,             0.44791,             0.15431,            0.063989,            0.078444,            0.029809,           0.0098218,           0.0098218,           0.0098218
                  11,            0.068214,            0.081577,            0.030675,             0.63496,             0.39756,              0.3698,             0.13935,            0.070188,            0.083684,            0.029086,            0.009802,            0.009802,            0.009802
                  12,            0.068012,            0.086477,            0.029989,             0.36878,             0.60942,             0.46798,             0.17455,            0.064191,            0.071867,            0.028569,           0.0097822,           0.0097822,           0.0097822
                  13,            0.067848,            0.087416,            0.029455,             0.39416,             0.66581,             0.46926,              0.1718,            0.057549,            0.074489,            0.027671,           0.0097624,           0.0097624,           0.0097624
                  14,            0.062576,            0.082237,            0.028319,             0.32301,             0.67858,             0.43615,             0.15569,            0.066744,            0.069805,            0.027015,           0.0097426,           0.0097426,           0.0097426
                  15,            0.063314,            0.070447,            0.028003,             0.55657,             0.68151,             0.66056,             0.27443,            0.050736,            0.070259,            0.026218,           0.0097228,           0.0097228,           0.0097228
                  16,            0.062472,            0.079691,            0.027027,              0.3777,             0.64968,               0.525,             0.20677,            0.060733,            0.071572,            0.025517,            0.009703,            0.009703,            0.009703
                  17,            0.061262,            0.080648,            0.026215,             0.43546,              0.7234,             0.59076,             0.23049,            0.053524,            0.069501,            0.024801,           0.0096832,           0.0096832,           0.0096832
                  18,            0.058879,            0.086968,            0.025963,             0.40006,             0.73589,             0.59227,             0.23902,            0.060059,            0.071174,            0.023904,           0.0096634,           0.0096634,           0.0096634
                  19,            0.060798,             0.08108,             0.02471,             0.63295,             0.72166,             0.73176,             0.32279,            0.048165,            0.068801,            0.023397,           0.0096436,           0.0096436,           0.0096436
                  20,            0.061788,            0.081886,            0.024249,             0.46581,             0.71451,             0.64644,             0.26102,            0.061961,             0.06886,            0.022782,           0.0096238,           0.0096238,           0.0096238
                  21,            0.058571,            0.077972,             0.02344,             0.42609,             0.75541,             0.60537,             0.25964,            0.054377,            0.070196,             0.02157,            0.009604,            0.009604,            0.009604
                  22,            0.057748,            0.079065,            0.022372,             0.67935,              0.7479,             0.76573,             0.34976,            0.047101,            0.067267,            0.020991,           0.0095842,           0.0095842,           0.0095842
                  23,            0.053544,            0.079644,            0.021787,             0.61687,             0.74816,             0.71135,             0.27868,            0.051728,            0.067722,            0.020068,           0.0095644,           0.0095644,           0.0095644
                  24,            0.056758,            0.073643,            0.020869,             0.52955,             0.74647,             0.65888,             0.26513,             0.05877,             0.06848,            0.019439,           0.0095446,           0.0095446,           0.0095446
                  25,            0.057049,            0.077003,             0.02031,             0.77592,             0.77309,             0.83271,             0.36424,            0.047246,            0.066408,            0.018566,           0.0095248,           0.0095248,           0.0095248
                  26,            0.055693,            0.074215,            0.019976,              0.5769,             0.76646,             0.69077,             0.28405,            0.052388,            0.067068,            0.018175,            0.009505,            0.009505,            0.009505
                  27,            0.056036,             0.07693,            0.018627,             0.76402,             0.78635,             0.84502,              0.3804,            0.048109,            0.065834,            0.017167,           0.0094852,           0.0094852,           0.0094852
                  28,            0.056807,            0.075064,            0.018107,             0.66981,              0.7514,             0.77367,             0.34074,            0.049567,            0.066189,            0.015902,           0.0094654,           0.0094654,           0.0094654
                  29,            0.055148,            0.074964,            0.017313,             0.71804,             0.79725,             0.82213,             0.35239,            0.051422,            0.067611,            0.015704,           0.0094456,           0.0094456,           0.0094456
                  30,            0.054702,             0.07307,            0.016265,             0.63505,             0.82254,             0.73786,             0.33067,            0.046939,            0.066637,            0.014895,           0.0094258,           0.0094258,           0.0094258
                  31,            0.051432,            0.076348,            0.016149,             0.68329,             0.81918,             0.81724,             0.35278,            0.049494,             0.06663,            0.013766,            0.009406,            0.009406,            0.009406
                  32,            0.054343,             0.07332,            0.015664,             0.73216,              0.7968,             0.83042,             0.32819,             0.05469,            0.067009,            0.013481,           0.0093862,           0.0093862,           0.0093862
                  33,            0.052614,            0.079429,             0.01497,             0.68265,             0.81264,             0.80456,             0.36614,            0.050917,            0.067307,             0.01249,           0.0093664,           0.0093664,           0.0093664
                  34,            0.051745,            0.071146,            0.013634,             0.72416,             0.83228,             0.85308,             0.40307,            0.047494,             0.06551,            0.012448,           0.0093466,           0.0093466,           0.0093466
                  35,            0.051037,            0.067605,            0.013232,             0.78995,             0.83486,             0.86855,             0.41823,            0.046084,            0.066666,            0.011893,           0.0093268,           0.0093268,           0.0093268
                  36,            0.052154,            0.076945,             0.01334,             0.76786,             0.81662,             0.85258,             0.39524,            0.049791,            0.066454,            0.012224,            0.009307,            0.009307,            0.009307
                  37,            0.051613,            0.074121,            0.013222,             0.73373,               0.823,             0.82805,             0.37824,            0.046883,            0.065775,             0.01103,           0.0092872,           0.0092872,           0.0092872
                  38,            0.053072,            0.077555,            0.012249,             0.86111,             0.84132,              0.8941,             0.40349,            0.044539,              0.0654,            0.011673,           0.0092674,           0.0092674,           0.0092674
                  39,             0.05471,            0.072749,            0.011861,             0.83108,             0.80364,             0.83696,             0.30747,            0.055454,            0.066699,            0.010094,           0.0092476,           0.0092476,           0.0092476
                  40,            0.050705,             0.07642,            0.012206,             0.75106,             0.82099,             0.84632,             0.38742,            0.047268,             0.06553,            0.010682,           0.0092278,           0.0092278,           0.0092278
                  41,            0.050927,            0.071627,            0.011077,             0.69403,             0.79203,              0.8003,             0.30606,            0.056074,            0.068309,           0.0097774,            0.009208,            0.009208,            0.009208
                  42,            0.051586,            0.075442,            0.010735,             0.83977,             0.84926,             0.90132,             0.39701,            0.046861,            0.066303,            0.010139,           0.0091882,           0.0091882,           0.0091882
                  43,             0.05073,             0.07551,            0.011334,             0.64715,             0.86127,             0.73066,             0.33878,            0.045918,            0.066534,             0.01113,           0.0091684,           0.0091684,           0.0091684
                  44,            0.050686,            0.075119,            0.010036,             0.82126,              0.7769,             0.81757,             0.30203,            0.056464,            0.066681,           0.0093308,           0.0091486,           0.0091486,           0.0091486
                  45,            0.051889,            0.077086,              0.0102,             0.88447,             0.87709,             0.92968,             0.45817,            0.042581,            0.064065,            0.010104,           0.0091288,           0.0091288,           0.0091288
                  46,             0.05211,            0.070676,            0.010853,             0.76145,             0.75413,             0.77925,             0.26916,            0.058744,            0.068559,           0.0085511,            0.009109,            0.009109,            0.009109
                  47,            0.051107,            0.075649,           0.0097663,             0.88913,              0.8721,             0.92526,             0.44148,            0.044303,            0.065607,           0.0086372,           0.0090892,           0.0090892,           0.0090892
                  48,            0.048145,            0.076388,            0.010006,             0.78511,              0.8818,              0.8959,             0.42591,             0.04602,            0.066659,            0.008325,           0.0090694,           0.0090694,           0.0090694
                  49,             0.04902,            0.069496,           0.0095885,             0.73756,             0.87425,             0.83107,             0.36034,            0.050613,            0.066596,           0.0082638,           0.0090496,           0.0090496,           0.0090496
                  50,            0.047578,            0.076907,           0.0097318,             0.90294,             0.88796,             0.92488,             0.43508,            0.044361,            0.065713,           0.0082171,           0.0090298,           0.0090298,           0.0090298
                  51,            0.047061,             0.07401,           0.0089282,              0.8861,             0.87583,             0.90956,             0.41162,            0.048322,            0.066458,            0.008004,             0.00901,             0.00901,             0.00901
                  52,             0.04959,            0.071582,           0.0081834,             0.89438,             0.89495,             0.92962,             0.45199,            0.043406,            0.065215,           0.0082529,           0.0089902,           0.0089902,           0.0089902
                  53,            0.046011,            0.068007,           0.0095286,             0.88618,             0.87872,             0.92394,             0.43797,            0.045959,            0.065809,           0.0081519,           0.0089704,           0.0089704,           0.0089704
                  54,            0.048245,            0.072278,           0.0098441,              0.9105,             0.90903,             0.94217,              0.4701,            0.042497,            0.064705,           0.0082317,           0.0089506,           0.0089506,           0.0089506
                  55,            0.046926,            0.069828,           0.0085442,             0.86516,             0.82387,             0.86429,             0.34924,            0.052496,            0.067012,           0.0079362,           0.0089308,           0.0089308,           0.0089308
                  56,            0.050081,            0.072009,           0.0084738,             0.92047,             0.88755,             0.93662,             0.46647,            0.043612,            0.064682,           0.0077833,            0.008911,            0.008911,            0.008911
                  57,            0.048853,            0.071645,           0.0083566,             0.87343,             0.87776,             0.90386,             0.35298,            0.051264,            0.066648,           0.0082073,           0.0088912,           0.0088912,           0.0088912
                  58,             0.04651,            0.072991,           0.0083443,             0.89704,             0.84557,             0.89669,             0.39917,            0.050077,            0.066988,           0.0075997,           0.0088714,           0.0088714,           0.0088714
                  59,            0.049371,            0.068529,           0.0081046,             0.90433,             0.89219,             0.92934,             0.43485,            0.044642,            0.065638,           0.0073203,           0.0088516,           0.0088516,           0.0088516
                  60,            0.046801,            0.069593,           0.0085382,             0.87862,             0.86542,             0.90292,             0.38089,            0.049196,             0.06648,           0.0070251,           0.0088318,           0.0088318,           0.0088318
                  61,            0.047875,            0.070225,           0.0084746,             0.88869,             0.91559,             0.93801,             0.47482,            0.041965,            0.064859,            0.006944,            0.008812,            0.008812,            0.008812
                  62,            0.046616,            0.068796,           0.0087572,             0.87916,             0.85275,             0.88809,             0.35452,            0.050484,            0.067232,           0.0075328,           0.0087922,           0.0087922,           0.0087922
                  63,            0.046064,            0.072923,           0.0077549,             0.89292,              0.8702,             0.90246,             0.37066,            0.047778,            0.066629,           0.0075653,           0.0087724,           0.0087724,           0.0087724
                  64,            0.045533,            0.070972,            0.008078,             0.90773,             0.88822,             0.92443,             0.45214,            0.044331,             0.06562,            0.007364,           0.0087526,           0.0087526,           0.0087526
                  65,            0.045632,             0.06907,           0.0084538,             0.91815,             0.90004,             0.93841,             0.45791,            0.042905,            0.065266,           0.0074848,           0.0087328,           0.0087328,           0.0087328
                  66,            0.047565,            0.074298,           0.0082181,             0.88304,             0.85839,             0.88109,             0.34383,            0.054352,            0.068734,           0.0072391,            0.008713,            0.008713,            0.008713
                  67,            0.047845,            0.071323,           0.0084339,             0.92525,             0.90584,             0.94599,             0.46974,            0.042706,            0.065104,           0.0071748,           0.0086932,           0.0086932,           0.0086932
                  68,            0.045969,            0.072219,           0.0076929,             0.88023,              0.8696,              0.9044,             0.40609,            0.048664,            0.067504,           0.0071793,           0.0086734,           0.0086734,           0.0086734
                  69,            0.047505,            0.071197,           0.0076947,             0.92969,             0.89891,             0.93745,             0.48021,            0.041527,            0.065652,            0.007196,           0.0086536,           0.0086536,           0.0086536
                  70,            0.044854,            0.071072,           0.0072972,             0.89254,             0.88819,             0.92203,             0.44374,            0.045913,            0.066152,           0.0071591,           0.0086338,           0.0086338,           0.0086338
                  71,            0.045495,            0.069097,           0.0084044,             0.91778,             0.89106,             0.92697,             0.43988,            0.046127,            0.067463,           0.0067215,            0.008614,            0.008614,            0.008614
                  72,            0.045578,            0.067107,           0.0077204,               0.936,             0.91267,             0.94807,             0.48802,            0.041859,            0.066682,           0.0065139,           0.0085942,           0.0085942,           0.0085942
                  73,            0.044669,            0.074122,           0.0072169,             0.88776,             0.86995,             0.89586,             0.36182,            0.051442,            0.068956,           0.0065099,           0.0085744,           0.0085744,           0.0085744
                  74,            0.047595,            0.069798,           0.0069076,             0.91598,             0.91811,             0.94242,              0.4742,             0.04234,             0.06676,           0.0066754,           0.0085546,           0.0085546,           0.0085546
                  75,            0.045941,            0.071396,           0.0082972,             0.89506,             0.87246,             0.89956,             0.40647,            0.047378,            0.067932,           0.0072647,           0.0085348,           0.0085348,           0.0085348
                  76,            0.045396,            0.070875,           0.0075028,             0.92402,             0.89341,              0.9329,             0.45487,            0.042578,            0.066569,            0.007382,            0.008515,            0.008515,            0.008515
                  77,            0.043092,            0.067888,           0.0084203,             0.90631,             0.89769,             0.91874,             0.41794,            0.046078,             0.06768,            0.006794,           0.0084952,           0.0084952,           0.0084952
                  78,            0.045664,            0.070532,           0.0069845,             0.87303,               0.849,             0.87013,              0.3245,            0.052054,            0.070171,            0.007176,           0.0084754,           0.0084754,           0.0084754
                  79,            0.045472,            0.068498,           0.0071933,             0.92091,             0.91496,                0.94,             0.47351,            0.042084,            0.066369,           0.0066508,           0.0084556,           0.0084556,           0.0084556
                  80,            0.046465,             0.06844,           0.0066945,             0.91101,             0.89092,             0.92131,             0.41459,            0.046196,            0.067812,           0.0065427,           0.0084358,           0.0084358,           0.0084358
                  81,            0.044594,            0.071623,            0.006509,             0.93776,              0.9152,             0.94794,             0.45917,            0.042847,            0.066275,           0.0060334,            0.008416,            0.008416,            0.008416
                  82,            0.042116,            0.069708,           0.0066286,             0.93072,             0.89896,             0.93109,              0.4396,            0.043975,            0.066927,           0.0061422,           0.0083962,           0.0083962,           0.0083962
                  83,            0.043843,            0.069037,           0.0065101,              0.9158,             0.88388,              0.9179,             0.42322,            0.046385,            0.068427,           0.0062729,           0.0083764,           0.0083764,           0.0083764
                  84,            0.044491,            0.066748,           0.0066217,             0.92372,             0.92158,             0.94646,             0.48411,            0.040955,             0.06625,           0.0061812,           0.0083566,           0.0083566,           0.0083566
                  85,             0.04371,            0.065742,           0.0066683,             0.91274,             0.90621,              0.9257,             0.43055,            0.045282,            0.068225,           0.0061368,           0.0083368,           0.0083368,           0.0083368
                  86,            0.045241,            0.067999,           0.0067091,             0.94189,             0.90812,             0.94409,             0.47938,              0.0414,            0.066163,           0.0061373,            0.008317,            0.008317,            0.008317
                  87,            0.044848,            0.069184,           0.0065118,             0.89858,             0.89254,             0.90591,             0.36642,            0.049939,            0.067833,           0.0060595,           0.0082972,           0.0082972,           0.0082972
                  88,            0.043132,            0.070284,           0.0059033,             0.94392,             0.92368,             0.94785,             0.48096,            0.041867,             0.06469,            0.005539,           0.0082774,           0.0082774,           0.0082774
                  89,            0.044018,            0.066398,           0.0062165,             0.91077,             0.90923,             0.91332,             0.38327,            0.049695,            0.067163,           0.0054469,           0.0082576,           0.0082576,           0.0082576
                  90,            0.044686,            0.069217,           0.0064156,             0.94213,             0.91689,             0.95385,             0.47661,            0.041769,            0.065398,           0.0061518,           0.0082378,           0.0082378,           0.0082378
                  91,            0.044933,            0.068408,           0.0063416,             0.88115,             0.86008,             0.87253,             0.32085,             0.05523,            0.069861,            0.006354,            0.008218,            0.008218,            0.008218
                  92,            0.044795,             0.06768,           0.0061596,             0.93458,              0.9133,             0.94972,             0.46245,            0.042286,            0.066033,           0.0057269,           0.0081982,           0.0081982,           0.0081982
                  93,              0.0445,            0.070581,           0.0064229,             0.92246,             0.90345,             0.93674,             0.43874,            0.045094,            0.066154,           0.0061106,           0.0081784,           0.0081784,           0.0081784
                  94,            0.043017,            0.069451,           0.0061279,             0.92795,             0.92155,             0.94714,             0.46838,            0.043333,            0.065733,           0.0055909,           0.0081586,           0.0081586,           0.0081586
                  95,            0.042789,            0.066505,           0.0064367,             0.89025,             0.87839,             0.89711,             0.38036,            0.050268,            0.068808,           0.0058584,           0.0081388,           0.0081388,           0.0081388
                  96,            0.043777,            0.070568,           0.0063328,             0.92511,             0.92604,             0.95029,             0.47605,            0.042358,            0.066175,           0.0059365,            0.008119,            0.008119,            0.008119
                  97,            0.042946,            0.067076,           0.0063402,             0.92097,             0.89135,             0.92368,             0.40319,            0.047087,            0.067871,           0.0059689,           0.0080992,           0.0080992,           0.0080992
                  98,            0.043047,            0.069489,           0.0061866,             0.93447,             0.90897,             0.94528,             0.49209,            0.040746,            0.066682,           0.0057547,           0.0080794,           0.0080794,           0.0080794
                  99,            0.045384,            0.064481,           0.0056354,             0.91314,             0.89511,             0.92107,             0.38612,            0.049617,            0.068917,           0.0059376,           0.0080596,           0.0080596,           0.0080596
                 100,            0.042037,            0.064791,           0.0056452,              0.9296,             0.92058,             0.94838,             0.47861,             0.04165,             0.06653,           0.0054212,           0.0080398,           0.0080398,           0.0080398
                 101,            0.043984,            0.064245,           0.0059493,             0.90462,             0.88178,             0.91254,             0.37378,            0.049963,            0.068609,           0.0059936,             0.00802,             0.00802,             0.00802
                 102,            0.043836,            0.066982,           0.0060476,             0.92429,             0.90148,             0.93957,             0.47689,            0.041167,            0.065674,           0.0069978,           0.0080002,           0.0080002,           0.0080002
                 103,            0.041569,            0.064504,           0.0058131,             0.92971,             0.90143,             0.92922,             0.42146,            0.046031,            0.067711,           0.0058996,           0.0079804,           0.0079804,           0.0079804
                 104,            0.041925,            0.061686,           0.0066285,              0.9382,             0.93237,             0.95324,             0.49441,            0.040071,            0.065977,           0.0054233,           0.0079606,           0.0079606,           0.0079606
                 105,            0.041387,            0.065694,           0.0058364,             0.91117,             0.89095,             0.91835,             0.42041,            0.046469,            0.068583,           0.0057285,           0.0079408,           0.0079408,           0.0079408
                 106,            0.042563,            0.070181,           0.0062785,             0.92853,             0.91784,             0.95025,             0.49309,            0.041886,            0.066692,           0.0063058,            0.007921,            0.007921,            0.007921
                 107,            0.042197,            0.070042,           0.0062679,             0.91756,             0.91044,             0.92922,             0.44928,             0.04374,            0.067966,           0.0057738,           0.0079012,           0.0079012,           0.0079012
                 108,            0.040189,            0.066748,           0.0057819,             0.94379,             0.92764,              0.9485,             0.48176,             0.04138,            0.066702,           0.0051216,           0.0078814,           0.0078814,           0.0078814
                 109,            0.042601,            0.067025,           0.0060709,             0.91903,             0.91264,             0.92656,             0.40731,            0.045862,            0.068239,           0.0052343,           0.0078616,           0.0078616,           0.0078616
                 110,            0.042398,            0.064503,            0.006135,             0.94057,             0.93206,             0.94968,             0.47817,            0.041004,            0.067306,           0.0052244,           0.0078418,           0.0078418,           0.0078418
                 111,            0.043112,            0.067969,           0.0060111,             0.92281,             0.90752,             0.93474,             0.40896,             0.04764,            0.068946,           0.0053972,            0.007822,            0.007822,            0.007822
                 112,            0.043902,            0.067571,           0.0059376,             0.95219,             0.92406,              0.9558,             0.49012,            0.040998,            0.066768,           0.0052968,           0.0078022,           0.0078022,           0.0078022
                 113,            0.041373,            0.067952,           0.0055651,              0.9127,             0.89094,             0.91184,             0.39998,            0.049682,             0.06987,           0.0057128,           0.0077824,           0.0077824,           0.0077824
                 114,            0.040484,            0.064292,           0.0049784,              0.9355,             0.92507,             0.94593,             0.48226,            0.041581,            0.067393,           0.0054549,           0.0077626,           0.0077626,           0.0077626
                 115,            0.041703,            0.067412,            0.005973,             0.89638,             0.88454,             0.89604,             0.36935,            0.053256,            0.071843,           0.0058753,           0.0077428,           0.0077428,           0.0077428
                 116,            0.044554,            0.064276,           0.0056058,             0.92781,             0.92127,               0.942,             0.48698,            0.041393,            0.066936,           0.0055737,            0.007723,            0.007723,            0.007723
                 117,             0.04281,            0.066122,           0.0058287,             0.91921,             0.88762,             0.91145,             0.41036,            0.047659,            0.069341,           0.0053024,           0.0077032,           0.0077032,           0.0077032
                 118,             0.04089,            0.065376,           0.0059442,             0.94589,             0.91227,             0.94448,             0.48716,            0.041047,            0.066532,           0.0059151,           0.0076834,           0.0076834,           0.0076834
                 119,            0.041169,            0.064419,           0.0056263,             0.90866,             0.90214,             0.92302,             0.41254,             0.04634,            0.068164,           0.0058793,           0.0076636,           0.0076636,           0.0076636
                 120,            0.040458,            0.068497,           0.0054952,             0.92572,             0.91003,             0.93304,             0.43523,            0.047362,            0.068752,           0.0050131,           0.0076438,           0.0076438,           0.0076438
                 121,             0.04102,            0.062102,           0.0053323,             0.93085,             0.92574,             0.94331,             0.47336,            0.042735,            0.066982,           0.0049717,            0.007624,            0.007624,            0.007624
                 122,             0.03993,            0.070499,             0.00526,             0.92334,             0.92929,             0.94011,             0.46858,            0.043023,            0.067524,           0.0051529,           0.0076042,           0.0076042,           0.0076042
                 123,            0.040261,            0.064672,           0.0052082,             0.93611,             0.92435,              0.9418,             0.47717,              0.0421,             0.06759,           0.0052307,           0.0075844,           0.0075844,           0.0075844
                 124,            0.039719,             0.06588,            0.005299,             0.91483,             0.91472,             0.92085,             0.41589,            0.045831,            0.068764,           0.0052211,           0.0075646,           0.0075646,           0.0075646
                 125,            0.041389,            0.066192,           0.0057711,             0.93316,             0.93013,             0.94732,             0.47776,            0.040823,            0.067681,            0.005072,           0.0075448,           0.0075448,           0.0075448
                 126,            0.041615,            0.067927,           0.0052958,             0.88646,               0.894,             0.89339,             0.36478,             0.05114,            0.069977,           0.0051824,            0.007525,            0.007525,            0.007525
                 127,            0.040996,            0.065258,           0.0055259,             0.92705,             0.91825,             0.93952,             0.44836,            0.043271,            0.067493,           0.0051615,           0.0075052,           0.0075052,           0.0075052
                 128,            0.039718,            0.063894,            0.004964,             0.94072,             0.91864,             0.94579,              0.4975,             0.04025,            0.066723,           0.0052736,           0.0074854,           0.0074854,           0.0074854
                 129,            0.041423,            0.064374,            0.005531,             0.92053,             0.91972,             0.93796,             0.43997,            0.045127,            0.067857,           0.0056105,           0.0074656,           0.0074656,           0.0074656
                 130,            0.039744,            0.065833,           0.0056029,             0.92821,             0.89583,             0.92896,             0.45147,            0.044192,            0.068488,           0.0052687,           0.0074458,           0.0074458,           0.0074458
                 131,            0.039811,            0.070572,           0.0053821,             0.93723,             0.92236,             0.94553,              0.4726,            0.042934,            0.068474,           0.0051568,            0.007426,            0.007426,            0.007426
                 132,            0.041358,            0.065394,           0.0055015,             0.94015,             0.91449,             0.93559,             0.43617,             0.04523,            0.069126,            0.005115,           0.0074062,           0.0074062,           0.0074062
                 133,             0.03893,            0.064899,           0.0052713,             0.93276,              0.9307,             0.94979,             0.48867,            0.041122,            0.067346,           0.0049487,           0.0073864,           0.0073864,           0.0073864
                 134,            0.039956,            0.068087,           0.0050002,             0.93178,             0.90914,             0.94098,              0.4265,            0.045593,            0.068097,           0.0048678,           0.0073666,           0.0073666,           0.0073666
                 135,            0.037973,            0.061079,           0.0050272,             0.92909,             0.92965,             0.95077,             0.46345,            0.043627,            0.068239,           0.0050551,           0.0073468,           0.0073468,           0.0073468
                 136,            0.040056,            0.064057,           0.0051119,             0.92496,             0.89761,             0.91579,             0.42194,             0.04632,            0.068988,           0.0047844,            0.007327,            0.007327,            0.007327
                 137,            0.041958,            0.068105,           0.0051474,              0.9459,             0.92428,             0.94512,             0.49228,            0.040347,            0.067444,           0.0048635,           0.0073072,           0.0073072,           0.0073072
                 138,            0.038842,            0.065897,           0.0050752,             0.92237,              0.9086,             0.93015,             0.45425,            0.043716,            0.068354,           0.0049088,           0.0072874,           0.0072874,           0.0072874
                 139,            0.039683,             0.06378,           0.0047826,             0.94311,             0.91725,             0.94349,             0.47504,            0.042877,            0.068298,           0.0050634,           0.0072676,           0.0072676,           0.0072676
                 140,            0.038588,            0.062581,           0.0045903,             0.94282,             0.91365,             0.94265,             0.47695,            0.041885,            0.068885,           0.0053193,           0.0072478,           0.0072478,           0.0072478
                 141,            0.040157,            0.064457,           0.0049742,             0.90937,             0.88818,             0.90517,              0.3933,            0.047991,            0.070179,           0.0046487,            0.007228,            0.007228,            0.007228
                 142,            0.038893,            0.065752,           0.0047907,             0.93259,             0.93431,             0.95044,             0.48083,            0.041419,            0.068187,           0.0046578,           0.0072082,           0.0072082,           0.0072082
                 143,            0.040104,            0.064048,           0.0051602,             0.92654,             0.91343,             0.93787,              0.4645,            0.042514,            0.068472,           0.0051426,           0.0071884,           0.0071884,           0.0071884
                 144,            0.037846,            0.062652,           0.0047057,             0.92346,             0.92782,             0.93964,             0.47958,             0.04121,            0.068653,           0.0052663,           0.0071686,           0.0071686,           0.0071686
                 145,            0.039839,             0.06373,           0.0050592,             0.91624,             0.91173,             0.91871,              0.4183,              0.0469,            0.070294,           0.0047932,           0.0071488,           0.0071488,           0.0071488
                 146,            0.041037,            0.066399,           0.0052045,             0.94156,             0.94411,             0.95125,             0.48769,            0.040741,            0.067255,           0.0046623,            0.007129,            0.007129,            0.007129
                 147,             0.03866,            0.062492,           0.0048367,             0.92348,             0.90411,             0.91844,             0.39762,            0.046805,            0.069926,           0.0049214,           0.0071092,           0.0071092,           0.0071092
                 148,            0.039768,            0.066693,           0.0050442,             0.93858,             0.92827,             0.93976,             0.47894,            0.041046,            0.067287,           0.0051741,           0.0070894,           0.0070894,           0.0070894
                 149,            0.039072,            0.061053,           0.0050733,             0.92054,             0.91862,             0.92662,             0.42271,            0.046803,            0.069506,           0.0049391,           0.0070696,           0.0070696,           0.0070696
                 150,            0.039153,            0.065513,           0.0053965,             0.91662,             0.91109,             0.92279,             0.39576,            0.048548,            0.071123,           0.0051155,           0.0070498,           0.0070498,           0.0070498
                 151,            0.042233,            0.067055,           0.0056315,             0.94053,             0.93017,             0.95224,             0.49691,            0.040277,            0.066789,           0.0051937,             0.00703,             0.00703,             0.00703
                 152,            0.039052,            0.062017,           0.0048947,             0.92472,             0.91013,              0.9232,             0.42821,            0.047299,            0.068113,           0.0051171,           0.0070102,           0.0070102,           0.0070102
                 153,            0.038568,            0.063711,           0.0052431,             0.93099,             0.92983,             0.94655,             0.48827,            0.040395,            0.066253,           0.0052743,           0.0069904,           0.0069904,           0.0069904
                 154,            0.039208,            0.065334,           0.0049632,             0.93379,             0.90624,             0.93351,             0.43961,            0.044748,            0.068876,           0.0054122,           0.0069706,           0.0069706,           0.0069706
                 155,            0.036224,            0.062756,           0.0044215,             0.92603,             0.90924,             0.92786,             0.44759,            0.044495,            0.068975,            0.004977,           0.0069508,           0.0069508,           0.0069508
                 156,            0.037513,            0.063513,           0.0047132,             0.92719,             0.92623,             0.93558,             0.47109,            0.041691,            0.069322,           0.0048138,            0.006931,            0.006931,            0.006931
                 157,            0.039453,            0.067767,           0.0050595,             0.89548,             0.90653,             0.91159,             0.42075,            0.046556,            0.070724,           0.0048996,           0.0069112,           0.0069112,           0.0069112
                 158,            0.037268,            0.065822,           0.0047271,             0.92124,             0.93158,             0.94189,             0.48104,            0.041175,            0.068641,           0.0049532,           0.0068914,           0.0068914,           0.0068914
                 159,            0.039303,            0.064923,           0.0048754,             0.91256,             0.90727,             0.92106,             0.43554,            0.045897,            0.070406,           0.0047815,           0.0068716,           0.0068716,           0.0068716
                 160,            0.037163,            0.063976,           0.0044788,              0.9267,             0.93075,             0.94763,             0.48474,            0.041751,            0.069544,           0.0051559,           0.0068518,           0.0068518,           0.0068518
                 161,            0.038227,            0.059353,            0.004115,             0.91397,             0.91049,              0.9282,             0.41121,            0.046935,            0.069782,           0.0052316,            0.006832,            0.006832,            0.006832
                 162,            0.038621,            0.060521,           0.0044451,              0.9239,             0.92142,             0.94337,             0.46925,            0.041263,            0.067658,           0.0048895,           0.0068122,           0.0068122,           0.0068122
                 163,            0.038235,            0.064594,            0.004649,             0.90772,             0.91373,             0.92471,             0.43947,            0.044621,            0.068737,           0.0051696,           0.0067924,           0.0067924,           0.0067924
                 164,            0.039322,            0.062831,           0.0047853,             0.91524,             0.91732,             0.93418,             0.48253,            0.040944,            0.067485,            0.005198,           0.0067726,           0.0067726,           0.0067726
                 165,            0.038623,            0.062924,           0.0047328,             0.91245,             0.91387,             0.92221,             0.42262,            0.047486,            0.070198,           0.0052051,           0.0067528,           0.0067528,           0.0067528
                 166,            0.040758,            0.061296,           0.0047797,             0.92479,             0.93025,             0.93922,             0.49331,            0.039918,            0.067212,           0.0052367,            0.006733,            0.006733,            0.006733
                 167,            0.037653,            0.063965,           0.0048449,             0.92685,             0.90974,             0.92811,             0.44777,            0.044207,            0.070621,           0.0052041,           0.0067132,           0.0067132,           0.0067132
                 168,            0.037385,            0.059611,           0.0051584,             0.93249,             0.91849,             0.93616,             0.47508,            0.041911,             0.06938,           0.0049525,           0.0066934,           0.0066934,           0.0066934
                 169,            0.038174,            0.060927,           0.0049154,             0.92694,             0.91059,             0.92914,             0.45572,             0.04447,            0.070023,           0.0048395,           0.0066736,           0.0066736,           0.0066736
                 170,            0.037686,            0.066129,           0.0045414,             0.93436,               0.923,              0.9412,             0.48577,            0.040781,            0.068584,           0.0049742,           0.0066538,           0.0066538,           0.0066538
                 171,            0.040008,            0.066257,           0.0047261,             0.91225,             0.91266,             0.92078,             0.41717,            0.046779,            0.070466,           0.0050169,            0.006634,            0.006634,            0.006634
                 172,            0.039133,            0.062312,            0.004576,             0.92577,             0.92695,              0.9357,             0.48602,            0.040697,            0.067909,           0.0047407,           0.0066142,           0.0066142,           0.0066142
                 173,            0.037924,             0.06424,           0.0050015,             0.93278,             0.92002,             0.92939,             0.44159,            0.044512,            0.069643,           0.0049765,           0.0065944,           0.0065944,           0.0065944
                 174,            0.036251,            0.059583,           0.0042891,             0.94428,             0.93081,             0.94801,             0.48899,            0.040699,            0.068148,           0.0052845,           0.0065746,           0.0065746,           0.0065746
                 175,            0.038598,            0.064049,           0.0047457,             0.92584,             0.90444,             0.92342,              0.4321,            0.046418,            0.070033,           0.0052588,           0.0065548,           0.0065548,           0.0065548
                 176,            0.038501,            0.063708,           0.0045868,             0.94121,             0.92017,             0.94844,             0.49111,            0.040394,            0.067295,           0.0056581,            0.006535,            0.006535,            0.006535
                 177,            0.036058,            0.064107,           0.0046522,             0.92789,             0.92875,             0.93962,             0.47879,            0.042166,            0.068391,           0.0048968,           0.0065152,           0.0065152,           0.0065152
                 178,            0.036361,            0.061242,           0.0045975,             0.92188,             0.91406,              0.9277,             0.44813,            0.044076,            0.069684,           0.0046526,           0.0064954,           0.0064954,           0.0064954
                 179,            0.036344,            0.063347,            0.004097,             0.94356,             0.91487,             0.94505,             0.49035,            0.040741,            0.068153,           0.0049133,           0.0064756,           0.0064756,           0.0064756
                 180,             0.03669,            0.062633,           0.0042315,             0.92474,             0.91882,             0.93292,             0.45336,            0.043514,            0.069487,           0.0045504,           0.0064558,           0.0064558,           0.0064558
                 181,            0.038072,            0.066862,           0.0046036,             0.93434,             0.94056,             0.94938,              0.4931,            0.040073,             0.06765,           0.0040463,            0.006436,            0.006436,            0.006436
                 182,            0.035772,            0.061461,           0.0041392,             0.92282,             0.91958,             0.93281,             0.43076,            0.045215,            0.070207,           0.0041274,           0.0064162,           0.0064162,           0.0064162
                 183,            0.038078,            0.064391,           0.0045558,             0.93443,             0.92046,              0.9352,             0.45665,            0.043126,            0.070066,           0.0042309,           0.0063964,           0.0063964,           0.0063964
                 184,            0.036583,             0.06189,           0.0043422,             0.93601,             0.92951,               0.942,             0.47574,            0.041916,            0.069486,           0.0040177,           0.0063766,           0.0063766,           0.0063766
                 185,             0.03671,            0.063963,           0.0045267,             0.92267,             0.91937,             0.92981,             0.39673,            0.048329,            0.072884,           0.0040377,           0.0063568,           0.0063568,           0.0063568
                 186,             0.03805,            0.063107,           0.0043997,             0.93622,             0.92354,             0.94129,             0.46108,            0.042383,            0.069966,           0.0042885,            0.006337,            0.006337,            0.006337
                 187,            0.034028,            0.060532,           0.0041878,             0.92915,             0.91985,             0.94122,             0.46633,             0.04248,            0.069968,           0.0045581,           0.0063172,           0.0063172,           0.0063172
                 188,            0.035126,            0.060909,           0.0042245,             0.93663,             0.91846,             0.94511,             0.48152,            0.040542,            0.069382,           0.0051053,           0.0062974,           0.0062974,           0.0062974
                 189,            0.037245,            0.059627,           0.0046653,              0.9297,              0.9167,             0.93253,             0.45779,            0.043231,            0.070234,           0.0052887,           0.0062776,           0.0062776,           0.0062776
                 190,            0.035743,            0.061438,           0.0043282,             0.93223,             0.92241,             0.93592,             0.44485,             0.04432,            0.070658,            0.005134,           0.0062578,           0.0062578,           0.0062578
                 191,            0.037138,            0.062486,           0.0044214,             0.93438,              0.9267,             0.94397,             0.49104,            0.040701,            0.069988,           0.0051355,            0.006238,            0.006238,            0.006238
                 192,            0.038303,            0.063016,            0.004353,             0.92066,             0.91454,              0.9291,             0.43046,            0.045178,            0.071226,           0.0050923,           0.0062182,           0.0062182,           0.0062182
                 193,            0.036905,            0.064277,           0.0042992,             0.94409,             0.93271,             0.95232,             0.49367,            0.040855,            0.068826,           0.0049404,           0.0061984,           0.0061984,           0.0061984
                 194,            0.036846,            0.062831,           0.0042101,             0.92964,             0.92709,             0.93654,               0.436,            0.045402,            0.070492,           0.0047238,           0.0061786,           0.0061786,           0.0061786
                 195,            0.036569,            0.063663,           0.0042708,             0.94034,             0.93089,             0.94417,             0.47097,            0.043313,            0.070118,           0.0044881,           0.0061588,           0.0061588,           0.0061588
                 196,            0.036854,            0.059995,           0.0041901,             0.93229,             0.92675,             0.94185,             0.46219,            0.043597,            0.070896,           0.0046373,            0.006139,            0.006139,            0.006139
                 197,            0.036626,            0.062158,           0.0043844,             0.94381,             0.93188,             0.94881,             0.48222,            0.041431,            0.069593,            0.004677,           0.0061192,           0.0061192,           0.0061192
                 198,            0.037667,            0.063458,           0.0044539,             0.92699,             0.91798,             0.93548,             0.46395,             0.04389,            0.070858,           0.0047393,           0.0060994,           0.0060994,           0.0060994
                 199,            0.036037,            0.061437,           0.0041886,             0.92913,             0.93229,               0.946,              0.4897,            0.040533,            0.068928,            0.004785,           0.0060796,           0.0060796,           0.0060796
                 200,            0.036129,             0.06586,           0.0042198,              0.9207,             0.91565,             0.93866,              0.4612,            0.043377,            0.069937,           0.0047802,           0.0060598,           0.0060598,           0.0060598
                 201,            0.035548,            0.057876,           0.0040218,             0.93116,             0.92508,             0.94629,             0.48492,            0.040796,            0.069274,           0.0047164,             0.00604,             0.00604,             0.00604
                 202,            0.037291,            0.062726,           0.0042391,              0.9231,             0.91111,             0.92292,             0.42772,            0.045486,            0.072328,           0.0047481,           0.0060202,           0.0060202,           0.0060202
                 203,            0.034367,            0.059272,           0.0042746,              0.9319,             0.92109,             0.93435,             0.47666,            0.041485,            0.070921,           0.0046234,           0.0060004,           0.0060004,           0.0060004
                 204,            0.035693,            0.059066,           0.0044484,              0.9266,             0.91157,             0.92793,             0.44059,            0.044575,            0.072418,           0.0045532,           0.0059806,           0.0059806,           0.0059806
                 205,            0.036107,            0.061017,           0.0041741,              0.9366,             0.92256,             0.94318,             0.48522,            0.041318,            0.071213,           0.0048979,           0.0059608,           0.0059608,           0.0059608
                 206,            0.036324,             0.06184,           0.0044742,             0.91982,             0.91351,             0.92426,             0.43162,            0.045044,              0.0714,            0.004914,            0.005941,            0.005941,            0.005941
                 207,            0.036555,            0.061072,           0.0043151,             0.93059,             0.92681,             0.94353,             0.47406,            0.041414,            0.069268,           0.0049251,           0.0059212,           0.0059212,           0.0059212
                 208,            0.035843,            0.063096,           0.0046514,             0.91636,             0.91227,             0.92626,             0.43978,            0.043664,            0.070841,            0.004823,           0.0059014,           0.0059014,           0.0059014
                 209,             0.03554,            0.057437,           0.0040894,             0.91958,             0.93546,               0.948,             0.49476,            0.040592,            0.070356,           0.0046838,           0.0058816,           0.0058816,           0.0058816
                 210,            0.034823,            0.059946,           0.0045192,             0.92333,             0.90518,             0.93777,             0.45432,            0.043561,             0.07223,           0.0045566,           0.0058618,           0.0058618,           0.0058618
                 211,            0.034522,            0.059935,            0.004084,             0.92679,             0.91325,             0.93692,             0.45909,            0.042392,            0.072248,           0.0044366,            0.005842,            0.005842,            0.005842
                 212,            0.033832,            0.061091,           0.0045348,             0.92775,             0.92168,             0.93616,             0.46207,            0.042844,            0.072236,           0.0046591,           0.0058222,           0.0058222,           0.0058222
                 213,            0.033866,             0.06013,           0.0040663,             0.91986,             0.92235,             0.94029,              0.4586,            0.042913,            0.071445,           0.0047511,           0.0058024,           0.0058024,           0.0058024
                 214,            0.035244,            0.062172,             0.00416,             0.94412,             0.92035,             0.94659,             0.47597,            0.041047,            0.070447,           0.0042927,           0.0057826,           0.0057826,           0.0057826
                 215,            0.033536,            0.059633,           0.0040258,             0.92117,             0.91102,             0.93017,             0.45128,             0.04337,            0.072496,           0.0041892,           0.0057628,           0.0057628,           0.0057628
                 216,            0.034854,             0.06074,           0.0039991,             0.92304,             0.91987,             0.94057,             0.47539,            0.040954,             0.07134,           0.0042846,            0.005743,            0.005743,            0.005743
                 217,            0.036326,            0.061884,           0.0044173,             0.91494,             0.91129,             0.91959,              0.4281,            0.045405,            0.073063,           0.0044254,           0.0057232,           0.0057232,           0.0057232
                 218,            0.037431,             0.05865,           0.0046482,             0.91385,             0.91413,             0.92739,             0.46182,            0.042973,            0.071707,           0.0049818,           0.0057034,           0.0057034,           0.0057034
                 219,            0.035159,            0.060035,           0.0043703,             0.92391,             0.93628,              0.9425,             0.48506,            0.041213,            0.071064,           0.0044048,           0.0056836,           0.0056836,           0.0056836
                 220,            0.034257,            0.063605,           0.0040492,              0.9121,             0.92473,             0.93467,             0.43355,            0.045207,            0.072752,           0.0044112,           0.0056638,           0.0056638,           0.0056638
                 221,            0.035293,            0.059396,           0.0042764,             0.92445,             0.92854,             0.94459,             0.47611,            0.041687,            0.071317,           0.0046906,            0.005644,            0.005644,            0.005644
                 222,            0.035674,            0.058665,           0.0039835,             0.92104,             0.90807,             0.92773,             0.42233,            0.046313,            0.073437,           0.0046908,           0.0056242,           0.0056242,           0.0056242
                 223,            0.036342,            0.063408,           0.0041874,             0.93132,             0.92448,             0.94384,             0.48262,            0.041186,             0.07018,           0.0047519,           0.0056044,           0.0056044,           0.0056044
                 224,            0.036675,            0.059886,           0.0042593,             0.92067,             0.90853,             0.92701,             0.43856,            0.044965,            0.071375,           0.0045975,           0.0055846,           0.0055846,           0.0055846
                 225,            0.035781,            0.061869,           0.0042054,             0.92788,              0.9299,             0.94447,             0.48538,            0.040722,            0.069766,           0.0045287,           0.0055648,           0.0055648,           0.0055648
                 226,            0.036149,            0.056999,           0.0041702,             0.92425,             0.91849,             0.93026,             0.44875,             0.04447,            0.070772,           0.0048261,            0.005545,            0.005545,            0.005545
                 227,             0.03533,            0.057089,           0.0041153,             0.92528,             0.91787,             0.93381,             0.47906,            0.041008,            0.069656,           0.0053061,           0.0055252,           0.0055252,           0.0055252
                 228,            0.035542,            0.059545,            0.004066,             0.92905,             0.90442,             0.93337,             0.45172,            0.044179,            0.072141,           0.0056949,           0.0055054,           0.0055054,           0.0055054
                 229,            0.035018,            0.059271,           0.0038244,             0.92042,             0.92569,             0.94427,             0.47135,            0.041507,            0.070962,           0.0049699,           0.0054856,           0.0054856,           0.0054856
                 230,            0.034229,            0.058747,           0.0039604,             0.92309,             0.92721,             0.94445,             0.46477,            0.042836,            0.071599,           0.0045028,           0.0054658,           0.0054658,           0.0054658
                 231,            0.034452,            0.059747,           0.0039658,              0.9292,             0.92278,             0.94118,             0.47623,            0.041715,            0.071123,           0.0046014,            0.005446,            0.005446,            0.005446
                 232,            0.035411,            0.060192,            0.004321,             0.92397,             0.91731,             0.93701,             0.45786,            0.043691,            0.071764,           0.0046331,           0.0054262,           0.0054262,           0.0054262
                 233,            0.035387,            0.058941,           0.0040821,             0.91209,             0.92234,             0.93761,             0.47358,            0.041799,            0.070902,           0.0049696,           0.0054064,           0.0054064,           0.0054064
                 234,            0.034294,            0.057616,            0.003769,             0.92236,             0.91135,             0.92962,             0.43256,            0.045173,            0.072851,           0.0049271,           0.0053866,           0.0053866,           0.0053866
                 235,            0.036715,            0.056965,           0.0042585,             0.92829,             0.92193,             0.94489,             0.48317,            0.041385,            0.071085,            0.004796,           0.0053668,           0.0053668,           0.0053668
                 236,             0.03479,            0.060226,           0.0040429,             0.91979,             0.92988,             0.93824,             0.45181,            0.043503,            0.071883,           0.0044205,            0.005347,            0.005347,            0.005347
                 237,            0.035145,            0.062309,           0.0040832,             0.92166,             0.91984,             0.93791,             0.48054,            0.041745,            0.071402,           0.0048243,           0.0053272,           0.0053272,           0.0053272
                 238,            0.033212,            0.056801,           0.0039423,             0.92015,             0.93026,              0.9371,             0.46271,            0.042997,            0.073103,           0.0047308,           0.0053074,           0.0053074,           0.0053074
                 239,            0.031718,            0.058775,           0.0037026,             0.91685,              0.9335,             0.94049,             0.47514,            0.042327,            0.073561,           0.0045784,           0.0052876,           0.0052876,           0.0052876
                 240,             0.03376,            0.056277,           0.0037424,             0.91159,             0.92492,             0.92699,             0.42097,            0.046073,            0.074552,           0.0048725,           0.0052678,           0.0052678,           0.0052678
                 241,            0.036385,            0.063058,           0.0042654,             0.93468,             0.92089,             0.94356,             0.48742,            0.041101,            0.070316,           0.0050077,            0.005248,            0.005248,            0.005248
                 242,            0.034187,            0.057208,           0.0042964,             0.92584,             0.91971,             0.93697,             0.46554,            0.042296,            0.070829,           0.0048775,           0.0052282,           0.0052282,           0.0052282
                 243,            0.033504,             0.05951,           0.0039639,              0.9391,             0.91469,             0.93699,             0.46395,            0.043009,            0.071785,           0.0049179,           0.0052084,           0.0052084,           0.0052084
                 244,            0.034198,            0.060989,           0.0040055,             0.94119,             0.91878,             0.94456,             0.48865,             0.04083,            0.070971,             0.00468,           0.0051886,           0.0051886,           0.0051886
                 245,            0.034783,            0.061455,           0.0042393,             0.92669,             0.92384,             0.93311,             0.44747,            0.044482,            0.072786,           0.0044423,           0.0051688,           0.0051688,           0.0051688
                 246,            0.034176,            0.058456,           0.0038871,             0.93847,             0.93187,             0.94692,             0.49475,             0.04041,            0.070955,           0.0045042,            0.005149,            0.005149,            0.005149
                 247,            0.034658,            0.056809,           0.0038283,              0.9339,             0.91857,             0.93467,             0.45622,            0.043527,            0.072002,           0.0047958,           0.0051292,           0.0051292,           0.0051292
                 248,            0.033974,            0.058481,           0.0041805,             0.93719,             0.92171,             0.93907,             0.47929,            0.041701,            0.071563,            0.004988,           0.0051094,           0.0051094,           0.0051094
                 249,             0.03393,             0.05682,           0.0038787,             0.92656,             0.91712,             0.92619,              0.4337,            0.045307,            0.073352,           0.0050201,           0.0050896,           0.0050896,           0.0050896
                 250,            0.033222,            0.058845,           0.0040469,             0.92596,             0.91814,             0.93169,             0.45968,            0.043416,            0.072655,           0.0047442,           0.0050698,           0.0050698,           0.0050698
                 251,            0.035123,            0.057494,           0.0042523,             0.93044,             0.93262,             0.94104,             0.48278,            0.041179,            0.072133,           0.0047938,             0.00505,             0.00505,             0.00505
